Time,Target,Distance
0.0,1,0.0
0.01999999955300069,1,0.07738304178798688
0.0399999991058948,1,0.09286118198950255
0.05999999865889549,1,0.09595491019008622
0.07999999821189618,1,0.09657481054328881
0.0999999977647974,1,0.09669687608856087
0.11999999731779809,1,0.09672167001746394
0.13999999687079878,1,0.09672738435749802
0.1599999964237,1,0.0967273754116161
0.1799999959767007,1,0.09672738096001228
0.19999999552970138,1,0.09672739411440913
0.2199999950825955,1,0.09672739240664259
0.23999999463559618,1,0.09672739504362682
0.2599999941885969,1,0.09672739511050427
0.2799999937414981,1,0.09672739510129856
0.2999999932944988,1,0.09672739510110084
0.31999999284749947,1,0.09672739510111678
0.3399999924004007,1,0.09672739510111678
0.3599999919534014,1,0.09672739510111678
0.3799999915062955,1,0.09672739510111678
0.3999999910592962,1,0.09672739510111678
0.41999999061229687,1,0.09672739510111678
0.4399999901651981,1,0.09672739510111678
0.4599999897181988,1,0.09672739510111678
0.47999998927119947,1,0.09672739510111678
0.4999999888241007,1,0.09672739510111678
0.5199999883771014,1,0.09672739510111678
0.539999987930095,1,0.09672739510111678
0.5599999874829962,1,0.09672739979859567
0.5799999870359969,1,0.09672741831070475
0.5999999865889976,1,0.09672744970817693
0.6199999861418988,1,0.09672747826919648
0.6399999856948995,1,0.09672747842313748
0.6599999852479002,1,0.09672747848574449
0.6799999848008014,1,0.09672747848610162
0.699999984353795,1,0.09672747848594432
0.7199999839067956,1,0.0967274765179298
0.7399999834596969,1,0.09672745388324905
0.7599999830126976,1,0.09672744829353222
0.7799999825656982,1,0.09672748717183492
0.7999999821185995,1,0.09672745413282018
0.8199999816716002,1,0.09672745386450861
0.8399999812245014,1,0.09672745529381864
0.859999980777495,1,0.09672745534097116
0.8799999803304956,1,0.09672745065123654
0.8999999798833969,1,0.09672742104208862
0.9199999794363976,1,0.0967273974769331
0.9399999789893982,1,0.09672740166430871
0.9599999785422995,1,0.09672740676443671
0.9799999780953002,1,0.09672740678940202
0.9999999776483008,1,0.0967274067834928
1.019999977201195,1,0.09672740678339362
1.0399999767541956,1,0.09672740678339362
1.0599999763071963,1,0.09672740678339362
1.0799999758600975,1,0.09672740678339362
1.0999999754130982,1,0.09672740678339362
1.119999974966099,1,0.09672740186297203
1.1399999745190001,1,0.09672738690194267
1.1599999740720008,1,0.096727383959512
1.1799999736250015,1,0.0967273839544383
1.1999999731778956,1,0.09672738395839005
1.2199999727308963,1,0.0967274018003586
1.2399999722837975,1,0.09672740200734747
1.2599999718367982,1,0.096727401974786
1.279999971389799,1,0.09672740197413869
1.2999999709427001,1,0.09672740197419046
1.3199999704957008,1,0.09672740197419046
1.3399999700487015,1,0.09672740197419046
1.3599999696015956,1,0.09672740197419046
1.3799999691545963,1,0.09672740197419046
1.399999968707597,1,0.09672740197419046
1.4199999682604982,1,0.09705206199914533
1.439999967813499,1,0.1018651196446272
1.4599999673664996,1,0.11594332863973505
1.4799999669194008,1,0.14194029460620722
1.4999999664724015,1,0.1800547571574166
1.519999966025395,1,0.23646474866101017
1.5399999655782963,1,0.30352330034275044
1.559999965131297,1,0.38008394643601034
1.5799999646842977,1,0.47269295802704786
1.599999964237199,1,0.5661117573713698
1.6199999637901996,1,0.6675139587858526
1.6399999633432003,1,0.7525993083473774
1.6599999628961015,1,0.8294491997414276
1.679999962449095,1,0.8980563094584868
1.6999999620019963,1,0.9500264645053662
1.719999961554997,1,1.0019999793023926
1.7399999611079977,1,1.0372818950783778
1.759999960660899,1,1.0642358179044193
1.7799999602138996,1,1.0744966943086327
1.7999999597669003,1,1.084772722210205
1.8199999593198015,1,1.0867579560477316
1.839999958872795,1,1.0795658256616203
1.8599999584257958,1,1.0724305044469549
1.879999957978697,1,1.0648885863683881
1.8999999575316977,1,1.0569978997889709
1.9199999570846984,1,1.049117527537126
1.9399999566375996,1,1.0412882274818354
1.9599999561906003,1,1.0335022754457477
1.979999955743601,1,1.025767840298799
1.999999955296495,1,1.0180811156814353
2.019999954849496,1,1.0104247943334708
2.0399999544024965,1,1.0027936565325033
2.0599999539553977,1,0.9952286129452046
2.0799999535083984,1,0.9876552428712033
2.099999953061399,1,0.9801382029021186
2.1199999526143003,1,0.9726987104206133
2.139999952167301,1,0.9652940446857363
2.159999951720195,1,0.9579435519787975
2.179999951273196,1,0.9506625664830233
2.1999999508261965,1,0.9433979392848666
2.2199999503790977,1,0.93614269980062
2.2399999499320984,1,0.9289740333098433
2.259999949485099,1,0.9218581769363129
2.2799999490380003,1,0.914790589142792
2.299999948591001,1,0.9077805993819086
2.3199999481440017,1,0.9007853456701981
2.339999947696896,1,0.8938696119131431
2.3599999472498965,1,0.8870522885260076
2.379999946802897,1,0.8802665568704862
2.3999999463557984,1,0.8735267787854701
2.419999945908799,1,0.8668763752449025
2.4399999454617998,1,0.8602726882779206
2.459999945014701,1,0.8537322476830252
2.4799999445677017,1,0.8472629732866381
2.4999999441206953,1,0.8408221311641833
2.5199999436735965,1,0.8344857494387046
2.539999943226597,1,0.8282184681757533
2.559999942779598,1,0.8219905477526448
2.579999942332499,1,0.8158688278747274
2.5999999418854998,1,0.8098226304779743
2.619999941438401,1,0.80385513324457
2.6399999409914017,1,0.7982452642634503
2.6599999405443953,1,0.793272836755966
2.6799999400972965,1,0.7883602489588204
2.699999939650297,1,0.7838432662230733
2.719999939203298,1,0.7799057605592586
2.739999938756199,1,0.7762821511005041
2.7599999383091998,1,0.7729841292136923
2.7799999378622005,1,0.7702653110239482
2.7999999374151017,1,0.7675492287952261
2.8199999369680953,1,0.765652799370892
2.839999936521096,1,0.7637693107659933
2.859999936073997,1,0.7621851101278344
2.879999935626998,1,0.7611074926568103
2.8999999351799985,1,0.7600583143250829
2.9199999347328998,1,0.7593060654121817
2.9399999342859005,1,0.7592955391268069
2.959999933838901,1,0.7593160741682923
2.9799999333917953,1,0.7593379670550701
2.999999932944796,1,0.7593379670550701
3.019999932497697,1,0.7593262286057848
3.039999932050698,1,0.7593033594532098
3.0599999316036985,1,0.7592994570945214
3.0799999311565998,1,0.7593127018709497
3.0999999307096004,1,0.7593006597421572
3.119999930262601,1,0.7592786896559847
3.1399999298154952,1,0.7592538681849264
3.159999929368496,1,0.7592610220360679
3.1799999289214966,1,0.7592735134028941
3.199999928474398,1,0.7592735134028941
3.2199999280273985,1,0.7592778094969752
3.2399999275803992,1,0.7592794646881147
3.2599999271333004,1,0.7592999315170055
3.279999926686301,1,0.7592999315170055
3.2999999262392947,1,0.7592854903826941
3.319999925792196,1,0.7592854903826941
3.3399999253451966,1,0.7592854903826941
3.3599999248981973,1,0.7592680333757847
3.3799999244510985,1,0.7592385408844599
3.3999999240040992,1,0.7592523773358458
3.4199999235571,1,0.7592523773358458
3.439999923110001,1,0.7592523773358458
3.4599999226629947,1,0.7592523773358458
3.479999922215896,1,0.7592357481653351
3.4999999217688966,1,0.7592222806393587
3.5199999213218973,1,0.7592222806393587
3.5399999208747985,1,0.7592197917113458
3.5599999204277992,1,0.7592197917113458
3.5799999199808,1,0.7592197917113458
3.599999919533701,1,0.7592178297092761
3.6199999190866947,1,0.7591955597030221
3.6399999186396954,1,0.759188260396745
3.6599999181925966,1,0.7591857777062587
3.6799999177455973,1,0.7591857777062587
3.699999917298598,1,0.7591878078748016
3.7199999168514992,1,0.7591737362469952
3.7399999164045,1,0.7591878078748016
3.7599999159575006,1,0.7591951071788411
3.7799999155103947,1,0.7591878078748016
3.7999999150633954,1,0.7591878078748016
3.819999914616396,1,0.7591951071788411
3.8399999141692973,1,0.7591951071788411
3.859999913722298,1,0.7591951071788411
3.8799999132752987,1,0.7591951071788411
3.8999999128282,1,0.7591951071788411
3.9199999123812006,1,0.7591951071788411
3.9399999119340947,1,0.7591796810336569
3.9599999114870954,1,0.7591796810336569
3.979999911040096,1,0.7591951071788411
3.9999999105929973,1,0.7591796810336569
4.019999910145998,1,0.7591796810336569
4.039999909698999,1,0.759182241195976
4.0599999092519,1,0.759182241195976
4.079999908804901,1,0.759182241195976
4.099999908357901,1,0.7591942052226494
4.119999907910795,1,0.759172239167349
4.139999907463796,1,0.7591711109587138
4.159999907016797,1,0.7591426765584204
4.179999906569698,1,0.7591525358574341
4.199999906122699,1,0.7591525358574341
4.219999905675699,1,0.759136666691697
4.239999905228601,1,0.759136666691697
4.259999904781601,1,0.755968304175685
4.279999904334595,1,0.7464712287186402
4.299999903887496,1,0.7370131528683678
4.319999903440497,1,0.7244897349287234
4.339999902993398,1,0.7337850152441107
4.359999902546399,1,0.7431057513081529
4.379999902099399,1,0.7618774446404579
4.399999901652301,1,0.7934081273786129
4.419999901205301,1,0.8252593792688028
4.439999900758295,1,0.8832853285204726
4.459999900311196,1,0.9420211654413247
4.479999899864197,1,1.0013905394957272
4.4999998994171975,1,1.0679205689931683
4.519999898970099,1,1.1552188680413022
4.539999898523099,1,1.2431952772805583
4.5599998980761,1,1.3388750776778318
4.579999897629001,1,1.4489637318793467
4.599999897181995,1,1.5595755022313547
4.619999896734996,1,1.6782388758643882
4.639999896287897,1,1.8119149474913407
4.6599998958408975,1,1.954357501101718
4.679999895393898,1,2.0975966334122664
4.699999894946799,1,2.2414446154438292
4.7199998944998,1,2.385555930541472
4.739999894052801,1,2.5303236680109618
4.759999893605695,1,2.6752474151327013
4.779999893158696,1,2.820313637765067
4.799999892711597,1,2.9654812770748147
4.8199998922645975,1,3.110798407708077
4.839999891817598,1,3.254924090902195
4.859999891370499,1,3.3991312652618055
4.8799998909235,1,3.542616581698385
4.899999890476501,1,3.685890766899725
4.919999890029395,1,3.82924472751111
4.9399998895823956,1,3.972615527145357
4.959999889135396,1,4.116070916767851
4.9799998886882975,1,4.260014518946953
4.999999888241298,1,4.4049184661254275
5.019999887794299,1,4.54985139184944
5.0399998873472,1,4.697741384123633
5.059999886900201,1,4.848233069455422
5.079999886453201,1,4.999903968757787
5.0999998860060956,1,5.151624561548069
5.119999885559096,1,5.304897714716874
5.139999885112097,1,5.45905667366139
5.159999884664998,1,5.614062549932857
5.179999884217999,1,5.769323167463079
5.1999998837709995,1,5.9245827097603625
5.219999883323901,1,6.080450616803191
5.239999882876901,1,6.236567862092732
5.2599998824297955,1,6.392714492664689
5.279999881982796,1,6.548936718196385
5.299999881535797,1,6.705209300104976
5.319999881088698,1,6.834970220830051
5.339999880641699,1,6.951273557024965
5.3599998801946995,1,7.097950886598967
5.379999879747601,1,7.255364475108136
5.399999879300601,1,7.411563401866935
5.419999878853595,1,7.5674373314284065
5.439999878406496,1,7.722194282934381
5.459999877959497,1,7.876954797095929
5.479999877512498,1,8.030961238662199
5.499999877065399,1,8.184767221831393
5.5199998766183995,1,8.338586647075607
5.5399998761714,1,8.492270319994109
5.559999875724301,1,8.645968325587672
5.579999875277295,1,8.799676269321361
5.599999874830296,1,8.953398177094174
5.619999874383197,1,9.107132073057914
5.639999873936198,1,9.260571946764916
5.659999873489198,1,9.41402169123149
5.6799998730420995,1,9.567327797238402
5.6999998725951,1,9.720643744961569
5.719999872148001,1,9.87396817744684
5.739999871700995,1,10.027301648166658
5.759999871253996,1,10.180641906025341
5.779999870806897,1,10.333989549551294
5.799999870359898,1,10.48734519762756
5.819999869912898,1,10.640705716334557
5.8399998694657995,1,10.794073646289359
5.8599998690188,1,10.947601952401621
5.879999868571801,1,11.101364674172004
5.899999868124695,1,11.255133183623743
5.919999867677696,1,11.409276832437927
5.939999867230696,1,11.563500164802914
5.959999866783598,1,11.717873555347321
5.979999866336598,1,11.872249669207049
5.999999865889599,1,12.026630638391072
6.0199998654425,1,12.18102049108923
6.039999864995501,1,12.335553638764734
6.059999864548502,1,12.490093030638796
6.079999864101396,1,12.644844609977602
6.099999863654396,1,12.799669444074052
6.119999863207298,1,12.954498231150511
6.139999862760298,1,13.109735607289222
6.159999862313299,1,13.264980512296907
6.1799998618662,1,13.420799145544363
6.199999861419201,1,13.576805461603197
6.219999860972202,1,13.732815296261423
6.239999860525096,1,13.888948148368316
6.259999860078096,1,14.045321172395491
6.279999859631097,1,14.201700707530717
6.299999859183998,1,14.35836083126494
6.319999858736999,1,14.515130050915305
6.33999985829,1,14.672116134937792
6.359999857842901,1,14.829211635925692
6.379999857395902,1,14.986309069838015
6.399999856948895,1,15.143561502871064
6.419999856501796,1,15.300819496437779
6.439999856054797,1,15.458081079485225
6.459999855607798,1,15.615332519998786
6.479999855160699,1,15.772599157369015
6.4999998547137,1,15.92986820989619
6.5199998542667,1,16.08713016605045
6.539999853819602,1,16.24449861940422
6.559999853372595,1,16.40201783576132
6.579999852925496,1,16.559801475332648
6.599999852478497,1,16.717599992351985
6.619999852031498,1,16.875903030434507
6.639999851584399,1,17.034498873139924
6.6599998511374,1,17.19357399925013
6.6799998506904,1,17.352913420233666
6.699999850243302,1,17.512267741879054
6.719999849796295,1,17.664023676927464
6.739999849349296,1,17.791859645154638
6.759999848902197,1,17.91969375976349
6.779999848455198,1,17.979648559664664
6.7999998480081985,1,18.03160708355338
6.8199998475611,1,18.083569105226694
6.8399998471141,1,18.13952920361847
6.859999846667101,1,18.195489566887062
6.879999846219995,1,18.25145019259607
6.899999845772996,1,18.307411078338873
6.9199998453259965,1,18.36337222173819
6.939999844878898,1,18.40333876059887
6.9599998444318985,1,18.435328500960548
6.979999843984899,1,18.459319226841068
6.9999998435378,1,18.46731832378038
7.019999843090801,1,18.47531742584384
7.039999842643695,1,18.47531742584384
7.059999842196696,1,18.47532069289305
7.0799998417496965,1,18.47532069289305
7.099999841302598,1,18.47532069289305
7.1199998408555984,1,18.47533340326903
7.139999840408599,1,18.47533340326903
7.1599998399615,1,18.47533340326903
7.179999839514501,1,18.47533667031824
7.199999839067502,1,18.475346113645017
7.219999838620396,1,18.47534938069423
7.2399998381733965,1,18.47534938069423
7.259999837726397,1,18.475362091070217
7.2799998372792984,1,18.475362091070217
7.299999836832299,1,18.475365358119426
7.3199998363853,1,18.475365358119426
7.339999835938201,1,18.47537480144621
7.359999835491202,1,18.475378068495417
7.379999835044195,1,18.475378068495417
7.3999998345970965,1,18.475390778871414
7.419999834150097,1,18.475390778871414
7.439999833703098,1,18.475390778871414
7.459999833255999,1,18.475394045920613
7.479999832809,1,18.47540675629661
7.499999832361901,1,18.47540675629661
7.519999831914902,1,18.47540675629661
7.539999831467895,1,18.475419466672616
7.5599998310207965,1,18.475419466672616
7.579999830573797,1,18.475419466672616
7.599999830126798,1,18.47542273372181
7.619999829679699,1,18.47542273372181
7.6399998292327,1,18.475435444097815
7.6599998287857005,1,18.475435444097815
7.679999828338602,1,18.475435444097815
7.699999827891595,1,18.475438711147017
7.719999827444596,1,18.475438711147017
7.739999826997497,1,18.475448154473824
7.759999826550498,1,18.475451421523026
7.779999826103499,1,18.475451421523026
7.7999998256564,1,18.475460864849847
7.8199998252094005,1,18.475464131899034
7.839999824762401,1,18.475464131899034
7.859999824315295,1,18.475467398948233
7.879999823868296,1,18.475476842275057
7.899999823421197,1,18.475476842275057
7.919999822974198,1,18.475480109324245
7.939999822527199,1,18.47548955265108
7.9599998220801,1,18.47548955265108
7.9799998216331005,1,18.475492819700264
7.999999821186101,1,18.475492819700264
8.019999820738995,1,18.475502263027106
8.039999820291996,1,18.475502263027106
8.059999819844997,1,18.475505530076294
8.079999819397898,1,18.475505530076294
8.099999818950899,1,18.475505530076294
8.1199998185039,1,18.47551824045232
8.1399998180568,1,18.47551824045232
8.159999817609801,1,18.47551824045232
8.179999817162795,1,18.47551824045232
8.199999816715696,1,18.475521507501504
8.219999816268697,1,18.475521507501504
8.239999815821697,1,18.475530950828357
8.259999815374599,1,18.475530950828357
8.2799998149276,1,18.475534217877538
8.2999998144806,1,18.475534217877538
8.319999814033501,1,18.47554692825358
8.339999813586495,1,18.47554692825358
8.359999813139396,1,18.47554692825358
8.379999812692397,1,18.47555019530276
8.399999812245397,1,18.47555019530276
8.419999811798299,1,18.47555963862962
8.4399998113513,1,18.475562905678796
8.4599998109043,1,18.475562905678796
8.479999810457201,1,18.475566172727973
8.499999810010195,1,18.475575616054837
8.519999809563195,1,18.475575616054837
8.539999809116097,1,18.475578883104017
8.559999808669097,1,18.475578883104017
8.579999808222098,1,18.475578883104017
8.599999807775,1,18.475591593480065
8.619999807328,1,18.475591593480065
8.639999806881,1,18.475591593480065
8.659999806433895,1,18.475604303856112
8.679999805986895,1,18.475604303856112
8.699999805539896,1,18.475604303856112
8.719999805092797,1,18.47560757090529
8.739999804645798,1,18.47560757090529
8.759999804198799,1,18.47561701423217
8.7799998037517,1,18.475620281281337
8.7999998033047,1,18.475620281281337
8.819999802857595,1,18.475623548330514
8.839999802410595,1,18.475623548330514
8.859999801963596,1,18.4756329916574
8.879999801516497,1,18.4756329916574
8.899999801069498,1,18.47563625870657
8.919999800622499,1,18.47563625870657
8.9399998001754,1,18.47563625870657
8.9599997997284,1,18.47564896908263
8.979999799281401,1,18.47564896908263
8.999999798834295,1,18.47564896908263
9.019999798387296,1,18.475652236131797
9.039999797940297,1,18.475652236131797
9.059999797493198,1,18.475652236131797
9.079999797046199,1,18.47566494650786
9.0999997965992,1,18.47566494650786
9.1199997961521,1,18.47566494650786
9.139999795705101,1,18.47566494650786
9.159999795258095,1,18.475668213557025
9.179999794810996,1,18.473514388653342
9.199999794363997,1,18.451629951987034
9.219999793916998,1,18.42975169551629
9.239999793469899,1,18.378816278054344
9.2599997930229,1,18.32788090120366
9.2799997925758,1,18.258128294070115
9.299999792128801,1,18.188375768158885
9.319999791681795,1,18.090845042156342
9.339999791234696,1,17.993323922377346
9.359999790787697,1,17.87862084788768
9.379999790340698,1,17.76392742997627
9.399999789893599,1,17.640895465473086
9.4199997894466,1,17.499528038510896
9.4399997889996,1,17.348848723974523
9.459999788552501,1,17.179504023400934
9.479999788105495,1,17.01015657201842
9.499999787658496,1,16.83149752860828
9.519999787211397,1,16.65232642293617
9.539999786764398,1,16.47314711554471
9.559999786317398,1,16.293975264671214
9.5799997858703,1,16.114808005451703
9.5999997854233,1,15.9393457989197
9.6199997849763,1,15.763888444913757
9.639999784529195,1,15.593420950924871
9.659999784082196,1,15.422946011060953
9.679999783635097,1,15.253827311646345
9.699999783188098,1,15.082210827756333
9.719999782741098,1,14.910583688948252
9.739999782294,1,14.7402248196625
9.759999781847,1,14.569862127913284
9.7799997814,1,14.40124086486894
9.799999780952895,1,14.232622143930508
9.819999780505896,1,14.064701945713901
9.839999780058896,1,13.900012288215132
9.859999779611798,1,13.739291138817098
9.879999779164798,1,13.57857245710309
9.899999778717799,1,13.421195944053188
9.9199997782707,1,13.270929551282748
9.9399997778237,1,13.126354352331395
9.959999777376702,1,12.989076970031268
9.979999776929596,1,12.851805267894813
9.999999776482596,1,12.717700560932089
10.019999776035597,1,12.589931914279386
10.039999775588498,1,12.465325530212418
10.059999775141499,1,12.334403134249264
10.0799997746945,1,12.20348921597323
10.0999997742474,1,12.066257140913317
10.119999773800401,1,11.929036267698738
10.139999773353296,1,11.782347303271868
10.159999772906296,1,11.635668565078188
10.179999772459297,1,11.48856106718577
10.199999772012198,1,11.340191806441624
10.219999771565199,1,11.191834794014166
10.2399997711182,1,11.04068750046977
10.2599997706711,1,10.88668733209191
10.279999770224101,1,10.731577521943128
10.299999769777095,1,10.576483647156754
10.319999769329996,1,10.419576436745679
10.339999768882997,1,10.262481260312725
10.359999768435998,1,10.103617395608616
10.379999767988899,1,9.94238521614761
10.3999997675419,1,9.781166371602003
10.4199997670949,1,9.62144660434839
10.439999766647801,1,9.464749415854678
10.459999766200795,1,9.31102653093349
10.479999765753796,1,9.157310145319858
10.499999765306697,1,9.00441543975361
10.519999764859698,1,8.852875714274758
10.539999764412698,1,8.702396744243245
10.5599997639656,1,8.553330815544332
10.5799997635186,1,8.404268978475846
10.599999763071501,1,8.255919825666247
10.619999762624495,1,8.108976839358807
10.639999762177496,1,7.9624651420707515
10.659999761730397,1,7.814344820391612
10.679999761283398,1,7.666230532682516
10.699999760836398,1,7.514262632530995
10.7199997603893,1,7.359980849093708
10.7399997599423,1,7.203717379907779
10.759999759495301,1,7.0463120992517245
10.779999759048195,1,6.888560212647926
10.799999758601196,1,6.728669036244758
10.819999758154196,1,6.567431767061435
10.839999757707098,1,6.403833000279697
10.859999757260098,1,6.240297693910519
10.879999756813099,1,6.076447702244222
10.899999756366,1,5.913836868036201
10.919999755919001,1,5.750978076101462
10.939999755472002,1,5.597481845620265
10.959999755024896,1,5.444991400529374
10.979999754577896,1,5.299741036514447
10.999999754130798,1,5.157490512580918
11.019999753683798,1,5.015290325339539
11.039999753236799,1,4.877965376587544
11.0599997527897,1,4.740638429588099
11.079999752342701,1,4.6040968567784075
11.099999751895702,1,4.468176931528574
11.119999751448596,1,4.332336351829381
11.139999751001596,1,4.198123195009823
11.159999750554597,1,4.064022883665246
11.179999750107498,1,3.9301463896571036
11.199999749660499,1,3.796662265638997
11.2199997492135,1,3.6632722734324643
11.239999748766401,1,3.5304219850742244
11.259999748319402,1,3.397718944203323
11.279999747872395,1,3.2655876492605724
11.299999747425296,1,3.1335916452218533
11.319999746978297,1,3.003918178936833
11.339999746531298,1,2.8764019062085784
11.359999746084199,1,2.752038991585981
11.3799997456372,1,2.627896663097873
11.3999997451902,1,2.5040178077196513
11.419999744743102,1,2.380489661565033
11.439999744296095,1,2.2573017414591217
11.459999743848996,1,2.136240219959683
11.479999743401997,1,2.0170575063572507
11.499999742954998,1,1.898439708659594
11.519999742507899,1,1.7850469267784992
11.5399997420609,1,1.674591761269022
11.5599997416139,1,1.5697299832622689
11.579999741166802,1,1.4682239561816386
11.599999740719795,1,1.3679168429217972
11.619999740272796,1,1.2708026029831707
11.639999739825697,1,1.1754996675970644
11.659999739378698,1,1.0824787788068535
11.679999738931699,1,0.9923841085507273
11.6999997384846,1,0.9086238432929354
11.7199997380376,1,0.8295576366385087
11.739999737590601,1,0.765744740315073
11.759999737143495,1,0.7080786136233564
11.779999736696503,1,0.6613856593527294
11.799999736249497,1,0.6243415683373764
11.819999735802405,1,0.5966019020100694
11.839999735355399,1,0.5814032565216247
11.859999734908392,1,0.575395684757843
11.8799997344613,1,0.5785847739310398
11.899999734014294,1,0.5889054631804517
11.919999733567202,1,0.6037621811024394
11.939999733120196,1,0.6225637909812586
11.959999732673204,1,0.6425638422124723
11.979999732226098,1,0.6642284880249987
11.999999731779091,1,0.6880053898388121
12.0199997313321,1,0.7123052979385742
12.039999730884993,1,0.7335437509468552
12.059999730438001,1,0.7542044209508776
12.079999729990995,1,0.7755052031823404
12.099999729543903,1,0.7912205105996868
12.119999729096897,1,0.8071370942397517
12.139999728649904,1,0.8125390286888945
12.159999728202799,1,0.8179365484378934
12.179999727755792,1,0.8172050045719773
12.1999997273088,1,0.8160705565767465
12.219999726861694,1,0.8150513517500951
12.239999726414702,1,0.8141416923651797
12.259999725967695,1,0.8133614462883862
12.279999725520604,1,0.8126860767902817
12.299999725073597,1,0.8121547881903556
12.319999724626605,1,0.8117411513852933
12.3399997241795,1,0.8121683680069023
12.359999723732493,1,0.8129878202592865
12.379999723285401,1,0.8138614543301231
12.399999722838395,1,0.8158110515039163
12.419999722391402,1,0.8183785015991453
12.439999721944297,1,0.8226295850696917
12.459999721497304,1,0.8278508353808051
12.479999721050298,1,0.8330912241706443
12.499999720603192,1,0.8394186725964349
12.5199997201562,1,0.8457539006460274
12.539999719709193,1,0.8520962446519167
12.559999719262102,1,0.8584401356149958
12.579999718815095,1,0.8647671512432222
12.599999718368103,1,0.8711077141876066
12.619999717920997,1,0.8774620918290497
12.639999717474005,1,0.8835099040093491
12.659999717026999,1,0.8859518520062108
12.679999716579893,1,0.8884164228821337
12.6999997161329,1,0.8836528566344006
12.719999715685894,1,0.8724417475032654
12.739999715238802,1,0.8591976037211707
12.759999714791796,1,0.8478455013729084
12.779999714344704,1,0.8384343680556977
12.799999713897698,1,0.8310363360100278
12.819999713450692,1,0.8257235148088592
12.8399997130036,1,0.8225210549303911
12.859999712556593,1,0.821450409791502
12.879999712109601,1,0.8225280050624609
12.899999711662495,1,0.8257383276050474
12.919999711215503,1,0.8310590980440485
12.939999710768497,1,0.8383660868790163
12.959999710321405,1,0.8475874467976998
12.979999709874399,1,0.8577445264259217
12.999999709427392,1,0.8686818491547957
13.0199997089803,1,0.8807053613279726
13.039999708533294,1,0.8928286166932641
13.059999708086302,1,0.9383281314357302
13.079999707639196,1,0.9996783006295564
13.099999707192204,1,1.062664804922685
13.119999706745197,1,1.1140587985390262
13.139999706298092,2,4.778559758167448
13.1599997058511,2,4.665230013559689
13.179999705404093,2,4.5454693531648775
13.199999704957001,2,4.4250488260373055
13.219999704509995,2,4.378912464958919
13.239999704062903,2,4.371508039317394
13.259999703615897,2,4.350937886417373
13.279999703168905,2,4.326648182984302
13.299999702721799,2,4.26659419230525
13.319999702274792,2,4.216316589971923
13.3399997018278,2,4.170458634919845
13.359999701380694,2,4.128755423167025
13.379999700933702,2,4.078425829325421
13.399999700486696,2,3.991782350841074
13.419999700039604,2,3.86848027823898
13.439999699592597,2,3.728104579861894
13.459999699145605,2,3.5891809593983037
13.4799996986985,2,3.452080138831459
13.499999698251493,2,3.3333392172737697
13.5199996978045,2,3.201113231164137
13.539999697357395,2,3.054955845655199
13.559999696910403,2,2.9201200874188595
13.579999696463396,2,2.7873546400361886
13.599999696016305,2,2.657599648495634
13.619999695569298,2,2.530617437198875
13.639999695122292,2,2.4065197038531423
13.6599996946752,2,2.285846540254345
13.679999694228194,2,2.170266194373423
13.699999693781102,2,2.060244844235142
13.719999693334096,2,1.9571369565064771
13.739999692887103,2,1.8620790501018885
13.759999692439997,2,1.776375876585801
13.779999691993005,2,1.7014333383318923
13.799999691545999,2,1.6387315732023113
13.819999691098893,2,1.5897223278484036
13.8399996906519,2,1.5556968798236304
13.859999690204894,2,1.5376503122031528
13.879999689757803,2,1.5348167924063227
13.899999689310796,2,1.541636321002481
13.919999688863804,2,1.5648740433418211
13.939999688416698,2,1.6038116830808442
13.959999687969692,2,1.6573161803322727
13.9799996875227,2,1.720544498310073
13.999999687075594,2,1.7902245484706907
14.019999686628601,2,1.8656282323022648
14.039999686181595,2,1.9460904090012283
14.059999685734503,2,2.0310035492258183
14.079999685287497,2,2.1198452782918937
14.099999684840505,2,2.2121290143654146
14.119999684393399,2,2.3074557692386235
14.139999683946392,2,2.395539458796125
14.1599996834993,2,2.4805168212083633
14.179999683052294,2,2.556784530258585
14.199999682605302,2,2.5953407788412903
14.219999682158196,2,2.631838881392949
14.239999681711204,2,2.6613482155960018
14.259999681264198,2,2.6817648747544798
14.279999680817092,2,2.7012625198746387
14.2999996803701,2,2.716905363639233
14.319999679923093,2,2.733310786327305
14.339999679476001,2,2.7669390756677443
14.359999679028995,2,2.789571669995664
14.379999678582003,2,2.8127542724794776
14.399999678134897,2,2.8304742951702235
14.419999677687905,2,2.8424188327522715
14.439999677240898,2,2.842067451540149
14.459999676793792,2,2.8420467554186257
14.4799996763468,2,2.8420241419607875
14.499999675899794,2,2.8420062232174965
14.519999675452702,2,2.8419968339691155
14.539999675005696,2,2.841976997897927
14.559999674558604,2,2.84196760870121
14.579999674111598,2,2.841962914109922
14.599999673664591,2,2.8419496901270285
14.6199996732175,2,2.8419449955513914
14.639999672770493,2,2.841940300980463
14.6599996723235,2,2.8419336890094806
14.679999671876395,2,2.841935606414241
14.699999671429403,2,2.841937523819118
14.719999670982396,2,2.841939441224119
14.739999670535305,2,2.84194135862924
14.759999670088298,2,2.8419328292568493
14.779999669641292,2,2.841943276034487
14.7999996691942,2,2.841943276034487
14.819999668747194,2,2.8419366640654578
14.839999668300202,2,2.841945193439855
14.859999667853096,2,2.841945193439855
14.879999667406103,2,2.841945193439855
14.899999666959097,2,2.841945193439855
14.919999666511991,2,2.841947110845344
14.939999666064999,2,2.841947110845344
14.959999665617993,2,2.841947110845344
14.9799996651709,2,2.841949028250953
14.999999664723894,2,2.841949028250953
15.019999664276803,2,2.841949028250953
15.039999663829796,2,2.841949028250953
15.059999663382804,2,2.841949028250953
15.079999662935698,2,2.841949028250953
15.099999662488692,2,2.841949028250953
15.1199996620417,2,2.841949028250953
15.139999661594594,2,2.841949028250953
15.159999661147602,2,2.841949028250953
15.179999660700595,2,2.841949028250953
15.199999660253503,2,2.841949028250953
15.219999659806497,2,2.841949028250953
15.239999659359505,2,2.841949028250953
15.259999658912399,2,2.8419575576355998
15.279999658465393,2,2.8419575576355998
15.2999996580184,2,2.8419594750423363
15.319999657571294,2,2.8419660870284744
15.339999657124302,2,2.8419680044362163
15.359999656677296,2,2.8419680044362163
15.379999656230204,2,2.8419680044362163
15.399999655783198,2,2.84197653383833
15.419999655336191,2,2.84197653383833
15.4399996548891,2,2.8419784512471997
15.459999654442093,2,2.84197653383833
15.479999653995002,2,2.84197653383833
15.499999653547995,2,2.84197653383833
15.519999653101003,2,2.8419784512471997
15.539999652653897,2,2.8419784512471997
15.559999652206905,2,2.84197653383833
15.579999651759898,2,2.84197653383833
15.599999651312793,2,2.8419784512471997
15.6199996508658,2,2.8419784512471997
15.639999650418794,2,2.8419784512471997
15.659999649971702,2,2.8419784512471997
15.679999649524696,2,2.8419784512471997
15.699999649077704,2,2.8419784512471997
15.719999648630598,2,2.8419784512471997
15.739999648183591,2,2.8419784512471997
15.7599996477366,2,2.8419784512471997
15.779999647289493,2,2.8419784512471997
15.799999646842501,2,2.8419784512471997
15.819999646395495,2,2.8419784512471997
15.839999645948403,2,2.84197653383833
15.859999645501397,2,2.8419784512471997
15.879999645054305,2,2.84197653383833
15.899999644607298,2,2.84197653383833
15.919999644160292,2,2.8419784512471997
15.9399996437132,2,2.8419784512471997
15.959999643266194,2,2.8419784512471997
15.979999642819202,2,2.8419784512471997
15.999999642372096,2,2.830518451798783
16.019999641925104,2,2.8190768708457155
16.039999641478097,2,2.785411121063063
16.05999964103099,2,2.751907467351184
16.079999640584,2,2.7185527025507827
16.099999640136993,2,2.680256293949193
16.1199996396899,2,2.631345003734739
16.139999639242895,2,2.5774809413311184
16.159999638795902,2,2.518821728475061
16.179999638348797,2,2.4503763235107865
16.199999637901804,2,2.382961872956776
16.219999637454798,2,2.3116170159582716
16.239999637007692,2,2.2318228094514936
16.2599996365607,2,2.1493128847702647
16.279999636113693,2,2.060190271084028
16.2999996356666,2,1.9747758616975517
16.319999635219595,2,1.889419299311552
16.339999634772504,2,1.8093783601890219
16.359999634325497,2,1.7353839936121769
16.379999633878505,2,1.6709778503694321
16.3999996334314,2,1.6204172146329363
16.419999632984393,2,1.584465229985703
16.4399996325374,2,1.5661765647409902
16.459999632090295,2,1.5641212444533754
16.479999631643302,2,1.5802921746850003
16.499999631196296,2,1.6122572854713797
16.519999630749204,2,1.6608079437093561
16.539999630302198,2,1.7235087626034968
16.55999962985519,2,1.798298041364082
16.5799996294081,2,1.884016557852923
16.599999628961093,2,1.979150966619158
16.6199996285141,2,2.082249719352026
16.639999628066995,2,2.193102577714182
16.659999627620003,2,2.309721286649832
16.679999627172997,2,2.4314174411784606
16.699999626725905,2,2.5573347531549246
16.7199996262789,2,2.6868827486300124
16.739999625831892,2,2.7882885456731388
16.7599996253848,2,2.8291148849147993
16.779999624937794,2,2.889147888274849
16.799999624490702,2,2.992979476126623
16.819999624043696,2,3.129390743554481
16.839999623596704,2,3.269811973011147
16.859999623149598,2,3.411259914564677
16.87999962270259,2,3.5455416023327033
16.8999996222556,2,3.6870112774352117
16.919999621808493,2,3.836977445016591
16.9399996213615,2,3.971787917940767
16.959999620914495,2,4.1017415426238895
16.979999620467403,2,4.229459505771756
16.999999620020397,2,4.359307940960057
17.019999619573404,2,4.4796170844994805
17.0399996191263,2,4.579582982337942
17.059999618679292,2,4.68288303631525
17.0799996182323,2,4.776678626543929
17.099999617785194,2,4.8609998143802144
17.119999617338202,2,4.942521550560956
17.139999616891195,2,5.02784038916039
17.159999616444104,2,5.115738567843496
17.179999615997097,2,5.206131925446782
17.199999615550105,2,5.298943795382621
17.219999615103,2,5.394118914848579
17.239999614655993,2,5.491582932619778
17.2599996142089,2,5.5912999503774685
17.279999613761895,2,5.693232327878821
17.299999613314903,2,5.797351298684629
17.319999612867797,2,5.903635006277291
17.339999612420804,2,6.012068542541876
17.359999611973798,2,6.133375506743987
17.379999611526692,2,6.255385423918447
17.3999996110797,2,6.378878217013604
17.419999610632694,2,6.503932784508041
17.439999610185602,2,6.619825460074627
17.459999609738595,2,6.7305200260590805
17.479999609291603,2,6.83023046966545
17.499999608844497,2,6.932189450986912
17.519999608397505,2,7.013496026143573
17.5399996079505,2,7.084048957066286
17.559999607503393,2,7.134974569857828
17.5799996070564,2,7.182037773787662
17.599999606609394,2,7.232361389972798
17.619999606162303,2,7.274821343587799
17.639999605715296,2,7.3104300906512565
17.659999605268204,2,7.3388582075992375
17.679999604821198,2,7.370611628596398
17.69999960437419,2,7.395828069642156
17.7199996039271,2,7.415062058324502
17.739999603480094,2,7.4161122883037915
17.7599996030331,2,7.409130924696128
17.779999602585995,2,7.402158327295241
17.799999602139003,2,7.377045312610108
17.819999601691997,2,7.348393940364512
17.839999601244905,2,7.307051943647046
17.8599996007979,2,7.258805685719273
17.879999600350892,2,7.210571046408404
17.8999995999038,2,7.162344247478981
17.919999599456794,2,7.1209927028905575
17.939999599009802,2,7.103556555129733
17.959999598562696,2,7.0963542462730835
17.979999598115704,2,7.089170627196972
17.999999597668698,2,7.089971563897408
18.01999959722159,2,7.090806369992146
18.0399995967746,2,7.091632601960433
18.059999596327593,2,7.092481081907447
18.0799995958805,2,7.0933209766705305
18.099999595433495,2,7.094183120718049
18.119999594986403,2,7.095048303953275
18.139999594539397,2,7.096484518475365
18.159999594092405,2,7.098486543117554
18.1799995936453,2,7.10046642895885
18.199999593198292,2,7.102486678063816
18.2199995927513,2,7.1039628066715625
18.239999592304194,2,7.105704739887951
18.259999591857202,2,7.107432280036055
18.279999591410196,2,7.10916301083619
18.299999590963104,2,7.110929975214461
18.319999590516097,2,7.11243114186656
18.339999590069105,2,7.113914015957532
18.359999589622,2,7.1153821496884655
18.379999589174993,2,7.116572653076232
18.399999588728,2,7.117789500214311
18.419999588280895,2,7.118488733205254
18.439999587833903,2,7.11890602220179
18.459999587386896,2,7.118222536696215
18.479999586939805,2,7.117549518571772
18.499999586492798,2,7.116048091651675
18.51999958604579,2,7.1133984909800825
18.5399995855987,2,7.107470583549943
18.559999585151694,2,7.100951145041188
18.579999584704602,2,7.0944448950115655
18.599999584257596,2,7.086841773044155
18.619999583810603,2,7.078701471230812
18.639999583363497,2,7.064477642387337
18.659999582916505,2,7.047503282570314
18.6799995824695,2,7.03047020411341
18.699999582022393,2,7.010705761680098
18.7199995815754,2,6.9909446658940935
18.739999581128394,2,6.9709331754281525
18.759999580681303,2,6.950921227693377
18.779999580234296,2,6.930897166051995
18.799999579787304,2,6.910870586166404
18.819999579340198,2,6.89087677130279
18.83999957889319,2,6.8708630708582845
18.8599995784462,2,6.850839087389504
18.879999577999094,2,6.830842025334687
18.8999995775521,2,6.810872112530457
18.919999577105095,2,6.790878408691264
18.939999576658003,2,6.7708687985532094
18.959999576210997,2,6.751712327198409
18.979999575764005,2,6.732565616900363
18.9999995753169,2,6.713707814167561
19.019999574869892,2,6.694842244734698
19.0399995744228,2,6.675972777953287
19.059999573975794,2,6.657150255086018
19.079999573528802,2,6.638310289358033
19.099999573081696,2,6.61946862596816
19.119999572634704,2,6.600632981202241
19.139999572187698,2,6.581799547905451
19.15999957174059,2,6.5629486304680285
19.1799995712936,2,6.544156757865263
19.199999570846593,2,6.525345555784786
19.2199995703995,2,6.506521158566152
19.239999569952495,2,6.487689206783774
19.259999569505503,2,6.4689047507215065
19.279999569058397,2,6.450625112440268
19.299999568611405,2,6.4323968139424315
19.3199995681644,2,6.414159425227167
19.339999567717292,2,6.395918760227897
19.3599995672703,2,6.377698283979173
19.379999566823294,2,6.359441548934293
19.399999566376202,2,6.341199297716856
19.419999565929196,2,6.322942209912265
19.439999565482104,2,6.304750413465187
19.459999565035098,2,6.286512716456287
19.47999956458809,2,6.268272022488495
19.499999564141,2,6.250090972395774
19.519999563693993,2,6.231893367015431
19.539999563247,2,6.213669454792295
19.559999562799895,2,6.195497602608281
19.579999562352903,2,6.177350418413649
19.599999561905896,2,6.159155540056831
19.619999561458805,2,6.141008868933756
19.6399995610118,2,6.123407473108327
19.659999560564792,2,6.105813470855988
19.6799995601177,2,6.088203326392323
19.699999559670694,2,6.07061819511209
19.7199995592237,2,6.053050267985554
19.739999558776596,2,6.035448682964675
19.759999558329604,2,6.017844807131334
19.779999557882597,2,6.000277874295602
19.79999955743549,2,5.982708753063214
19.8199995569885,2,5.9651238201704295
19.839999556541493,2,5.947548636858426
19.8599995560944,2,5.929989069049748
19.879999555647395,2,5.912433431754247
19.899999555200303,2,5.89488177587862
19.919999554753296,2,5.877332117452263
19.939999554306304,2,5.859788488826392
19.9599995538592,2,5.842243086529316
19.979999553412192,2,5.8247097388478695
19.9999995529652,2,5.807168812828765
20.019999552518094,2,5.789667427558333
20.0399995520711,2,5.773561512100978
20.059999551624095,2,5.763855755755064
20.079999551177004,2,5.754182571986681
20.099999550729997,2,5.748696667111245
20.119999550283005,2,5.743741606739835
20.1399995498359,2,5.738813787014534
20.159999549388893,2,5.733866161987632
20.1799995489419,2,5.728965425279889
20.199999548494795,2,5.724066479323171
20.219999548047802,2,5.719171354279228
20.239999547600796,2,5.714244749837649
20.259999547153704,2,5.709357262610879
20.279999546706698,2,5.705634215471307
20.29999954625969,2,5.702168005889643
20.3199995458126,2,5.698709697121748
20.339999545365593,2,5.699429617508491
20.3599995449185,2,5.702385073690218
20.379999544471495,2,5.706201689065671
20.399999544024503,2,5.710030533547077
20.419999543577397,2,5.71498729450548
20.439999543130405,2,5.720215116313237
20.4599995426834,2,5.726598404285835
20.479999542236293,2,5.732966435682979
20.4999995417893,2,5.748006665949498
20.519999541342294,2,5.772729556686633
20.539999540895202,2,5.8007851300120326
20.559999540448196,2,5.828811860910952
20.579999540001204,2,5.859335634160264
20.599999539554098,2,5.889828367093843
20.61999953910709,2,5.920352688351531
20.6399995386601,2,5.950600578805459
20.659999538212993,2,5.9797678335786335
20.679999537766,2,6.00863881632603
20.699999537318995,2,6.037542892375809
20.719999536871903,2,6.064836531131975
20.739999536424897,2,6.09103151510012
20.759999535977805,2,6.116398410514321
20.7799995355308,2,6.141774516760972
20.799999535083792,2,6.162472811494726
20.8199995346367,2,6.1831488789871
20.839999534189694,2,6.199382460941516
20.8599995337427,2,6.214526992229923
20.879999533295596,2,6.229700227465774
20.899999532848604,2,6.243490208667858
20.919999532401597,2,6.2564264004656485
20.93999953195449,2,6.2618160104424545
20.9599995315075,2,6.267246204669991
20.979999531060493,2,6.265961423686223
20.9999995306134,2,6.2621681363157045
21.019999530166395,2,6.258399984744171
21.039999529719402,2,6.25322946246032
21.059999529272297,2,6.248348863952304
21.079999528825304,2,6.243487620218138
21.099999528378298,2,6.2386398881372624
21.119999527931192,2,6.234052698354266
21.1399995274842,2,6.229759394641608
21.159999527037193,2,6.22549726371349
21.1799995265901,2,6.221205546649585
21.199999526143095,2,6.21806447298664
21.219999525696004,2,6.216634646249111
21.239999525248997,2,6.219927036853801
21.259999524802005,2,6.223220804944928
21.2799995243549,2,6.228778010909597
21.299999523907893,2,6.234336351063567
21.3199995234609,2,6.239901727207895
21.339999523013795,2,6.24548194280354
21.359999522566802,2,6.249926549013226
21.379999522119796,2,6.253312056440653
21.399999521672704,2,6.256643947438628
21.419999521225698,2,6.258632730870756
21.43999952077869,2,6.260336692769578
21.4599995203316,2,6.262046014390998
21.479999519884593,2,6.263737058266556
21.4999995194376,2,6.265425545794633
21.519999518990495,2,6.267148764839757
21.539999518543503,2,6.268904630610145
21.559999518096497,2,6.2706324001158436
21.579999517649405,2,6.272377278229203
21.5999995172024,2,6.274148946685093
21.619999516755392,2,6.276194127424051
21.6399995163083,2,6.278516840277222
21.659999515861294,2,6.280836893565002
21.679999515414202,2,6.283211029450761
21.699999514967196,2,6.2855824854367475
21.719999514520204,2,6.287937504859324
21.739999514073098,2,6.2902918142438775
21.75999951362609,2,6.292647391010161
21.7799995131791,2,6.295056992610399
21.799999512731993,2,6.297454093005494
21.819999512285,2,6.2998426550375894
21.839999511837995,2,6.302208926449195
21.859999511390903,2,6.3045998323883445
21.879999510943897,2,6.307001609480033
21.899999510496905,2,6.309420341232633
21.9199995100498,2,6.311812789644317
21.939999509602792,2,6.31423380333737
21.9599995091558,2,6.3166422713660415
21.979999508708694,2,6.319077300880494
21.999999508261702,2,6.321847920064964
22.019999507814696,2,6.325142088735087
22.039999507367604,2,6.329315414431675
22.059999506920597,2,6.333419241309404
22.079999506473605,2,6.337605980297116
22.0999995060265,2,6.34230212267308
22.119999505579493,2,6.34702821317841
22.1399995051324,2,6.3517648543157925
22.159999504685395,2,6.356490332284711
22.179999504238403,2,6.361244057398295
22.199999503791297,2,6.365984777783002
22.219999503344305,2,6.370731841296428
22.239999502897298,2,6.375485587639101
22.259999502450192,2,6.380247633359994
22.2799995020032,2,6.385031887973681
22.299999501556194,2,6.389826395217804
22.319999501109102,2,6.394582508273366
22.339999500662095,2,6.399393870085484
22.359999500215103,2,6.404197901844947
22.379999499767997,2,6.408990803580442
22.399999499321005,2,6.41381539066623
22.419999498874,2,6.418650329738998
22.439999498426893,2,6.423466334955056
22.4599994979799,2,6.428309989084463
22.479999497532894,2,6.43314643461206
22.499999497085803,2,6.437991189372013
22.519999496638796,2,6.442826514694577
22.539999496191705,2,6.447695606969689
22.559999495744698,2,6.452547482099858
22.57999949529769,2,6.4574153697139804
22.5999994948506,2,6.462277759585928
22.619999494403594,2,6.471319682119713
22.6399994939566,2,6.485058579355885
22.659999493509495,2,6.498809766721157
22.679999493062503,2,6.512623936738539
22.699999492615497,2,6.5263958432970615
22.719999492168405,2,6.540207185408477
22.7399994917214,2,6.554005448390545
22.759999491274392,2,6.567796362383578
22.7799994908273,2,6.581595629515213
22.799999490380294,2,6.595385500796941
22.819999489933302,2,6.609201156800242
22.839999489486196,2,6.623005366026748
22.859999489039204,2,6.636802337238676
22.879999488592198,2,6.650638495775216
22.89999948814509,2,6.664475105050129
22.9199994876981,2,6.678288680120314
22.939999487251093,2,6.692143349434309
22.959999486804,2,6.705994152651237
22.979999486356995,2,6.719847305609914
22.999999485909903,2,6.733661611264285
23.019999485462897,2,6.747517150804069
23.039999485015905,2,6.763335104811788
23.0599994845688,2,6.779150965504118
23.079999484121792,2,6.798258236957359
23.0999994836748,2,6.817333364294128
23.119999483227694,2,6.838384695497759
23.139999482780702,2,6.864079041497595
23.159999482333696,2,6.889761630213193
23.179999481886604,2,6.925758408596703
23.199999481439598,2,6.961806579880114
23.219999480992605,2,7.005379467736985
23.2399994805455,2,7.049179963899079
23.259999480098493,2,7.093009853363741
23.2799994796515,2,7.130696914563593
23.299999479204395,2,7.16833022697653
23.319999478757403,2,7.197340909313107
23.339999478310396,2,7.21232805412004
23.359999477863305,2,7.227314894742841
23.3799994774163,2,7.227381046286002
23.399999476969292,2,7.227461393023097
23.4199994765222,2,7.214226658501972
23.439999476075194,2,7.19525850736226
23.459999475628102,2,7.165633499125085
23.479999475181096,2,7.13602213961817
23.499999474734103,2,7.094295696520752
23.519999474286998,2,7.052559052228315
23.539999473840005,2,7.000269669646291
23.559999473393,2,6.939464021634669
23.579999472945893,2,6.878699661044611
23.5999994724989,2,6.8129166359329165
23.619999472051894,2,6.747169816012328
23.639999471604803,2,6.672553012541659
23.659999471157796,2,6.597997691586976
23.679999470710804,2,6.523478309052524
23.6999994702637,2,6.4430043883234
23.719999469816692,2,6.362549245896193
23.7399994693697,2,6.279114792192416
23.759999468922594,2,6.186131793758493
23.7799994684756,2,6.089909815179186
23.799999468028595,2,5.99377780950085
23.819999467581503,2,5.89214202955564
23.839999467134497,2,5.783084427577172
23.859999466687505,2,5.674118458595571
23.8799994662404,2,5.5574485212731135
23.899999465793393,2,5.437283886365772
23.9199994653463,2,5.317279922015281
23.939999464899294,2,5.1946788724839115
23.959999464452302,2,5.072224260283935
23.979999464005196,2,4.950795699909044
23.999999463558204,2,4.829592351307616
24.019999463111198,2,4.711897719878944
24.039999462664092,2,4.596041246377372
24.0599994622171,2,4.483389297185667
24.079999461770093,2,4.3709500782630535
24.099999461323,2,4.261217359008996
24.119999460875995,2,4.151748282817908
24.139999460429003,2,4.045074055988011
24.159999459981897,2,3.9386973246358683
24.179999459534905,2,3.8330652938395064
24.1999994590879,2,3.727771641110317
24.219999458640793,2,3.622921082501642
24.2399994581938,2,3.5192254522020985
24.259999457746794,2,3.416385079590189
24.279999457299702,2,3.3142439406444852
24.299999456852696,2,3.212655234821948
24.319999456405604,2,3.1124482910939952
24.339999455958598,2,3.0136316882622594
24.35999945551159,2,2.915746033471112
24.3799994550645,2,2.818648213834247
24.399999454617493,2,2.722792693298102
24.4199994541705,2,2.627872173071125
24.439999453723395,2,2.5347470517819386
24.459999453276403,2,2.442800196654096
24.479999452829396,2,2.352167644327328
24.499999452382305,2,2.263017848139983
24.5199994519353,2,2.1755082836152577
24.539999451488292,2,2.0898462100319457
24.5599994510412,2,2.0118153019620304
24.579999450594194,2,2.0108824507720238
24.5999994501472,2,2.0201418133544404
24.619999449700096,2,2.0195650288346285
24.639999449253104,2,1.9854990548889295
24.659999448806097,2,1.9077080438123024
24.67999944835899,2,1.795014199325729
24.699999447912,2,1.6995036592315194
24.719999447464993,2,1.6057447077334932
24.7399994470179,2,1.508168748626863
24.759999446570895,2,1.425789919341603
24.779999446123803,2,1.3483400866925286
24.799999445676796,2,1.2765717207950125
24.819999445229804,2,1.210737176666253
24.8399994447827,2,1.1465368198356392
24.859999444335692,2,1.0926505728931242
24.8799994438887,2,1.0451547361498656
24.899999443441594,2,1.0136184249546483
24.9199994429946,2,0.9978897972295447
24.939999442547595,2,1.0025345616831025
24.959999442100504,2,1.0278758005820041
24.979999441653497,2,1.0726431050433514
24.999999441206505,2,1.1347638508936142
25.0199994407594,2,1.198720505085186
25.039999440312393,2,1.270811659422484
25.0599994398654,2,1.3528367754015278
25.079999439418295,2,1.4438951404402267
25.099999438971302,2,1.5423770789549989
25.119999438524296,2,1.6470091852004443
25.139999438077204,2,1.7562666781351015
25.159999437630198,2,1.8696035700014344
25.17999943718319,2,1.9863937317704545
25.1999994367361,2,2.1069195070895725
25.219999436289093,2,2.2299063130639043
25.239999435842,2,2.3673489056139783
25.259999435394995,2,2.5070020572629352
25.279999434948003,2,2.648533478283698
25.299999434500897,2,2.7931879084920808
25.319999434053905,2,2.762534727637905
25.3399994336069,2,2.8652167053952926
25.359999433159793,2,2.8123792829551486
25.3799994327128,2,2.873795771199895
25.399999432265794,2,2.9515062334848072
25.419999431818702,2,3.03859156755695
25.439999431371696,2,3.135027675452889
25.459999430924704,2,3.242395769337602
25.479999430477598,2,3.35059154724987
25.49999943003059,2,3.4510577069249506
25.5199994295836,2,3.5606099143791967
25.539999429136493,2,3.682351726109216
25.5599994286895,2,3.789690988160071
25.579999428242495,2,3.901777276280239
25.599999427795403,2,4.013733942359497
25.619999427348397,2,4.087569233587285
25.639999426901305,2,4.1312576561629575
25.6599994264543,2,4.120994079182179
25.679999426007292,2,4.170360949286805
25.6999994255602,2,4.20779402627174
25.719999425113194,2,4.2064116983651205
25.739999424666202,2,4.260579254112927
25.759999424219096,2,4.302389045985535
25.779999423772104,2,4.34375503171526
25.799999423325097,2,4.336736643344284
25.81999942287799,2,4.3871974820359005
25.839999422431,2,4.424400791194687
25.859999421983993,2,4.467776580917001
25.8799994215369,2,4.460521366484114
25.899999421089895,2,4.5140146288979714
25.919999420642903,2,4.550075152205466
25.939999420195797,2,4.608026864935812
25.959999419748804,2,4.633152809813349
25.979999419301798,2,4.662251362020144
25.999999418854692,2,4.6985566785518085
26.0199994184077,2,4.734891576650992
26.039999417960694,2,4.71152469376285
26.059999417513602,2,4.688157670896798
26.079999417066595,2,4.638786716779783
26.099999416619504,2,4.592707086814053
26.119999416172497,2,4.5469920537806585
26.139999415725505,2,4.497697615160645
26.1599994152784,2,4.443918291049557
26.179999414831393,2,4.390158549062198
26.1999994143844,2,4.336435778522359
26.219999413937295,2,4.282769153068929
26.239999413490303,2,4.230493193577606
26.259999413043296,2,4.2057822769214175
26.279999412596204,2,4.180579804025676
26.299999412149198,2,4.142124146664179
26.31999941170219,2,4.100000377256967
26.3399994112551,2,4.0554103692188495
26.359999410808094,2,4.035513098422678
26.3799994103611,2,4.022583301782802
26.399999409913995,2,4.009357595886374
26.419999409467003,2,3.991768627828281
26.439999409019997,2,3.972520950859508
26.459999408572905,2,3.952941577472059
26.4799994081259,2,3.933816431727491
26.499999407678892,2,3.9162312051917083
26.5199994072318,2,3.902810341237278
26.539999406784794,2,3.8879559274362365
26.559999406337703,2,3.8748393263325625
26.579999405890696,2,3.863853040767819
26.599999405443704,2,3.8544840601654298
26.619999404996598,2,3.8489735219836203
26.63999940454959,2,3.845644907955373
26.6599994041026,2,3.845244982197604
26.679999403655493,2,3.8452285058782003
26.6999994032085,2,3.845212600538219
26.719999402761495,2,3.845189459040308
26.739999402314403,2,3.8451702955418314
26.759999401867397,2,3.8451583615645197
26.779999401420405,2,3.8451497403607986
26.7999994009733,2,3.845141119157254
26.819999400526292,2,3.8451351521684902
26.8399994000793,2,3.8451291851799008
26.859999399632194,2,3.845126530964969
26.879999399185202,2,3.8451222203632796
26.899999398738196,2,3.8451202313669683
26.919999398291104,2,3.845124806673653
26.939999397844097,2,3.8451228176770513
26.959999397397105,2,3.8451208286804603
26.97999939695,2,3.8451300472001644
26.999999396502993,2,3.8451273929891716
27.0199993960559,2,3.8451352810908395
27.039999395608895,2,3.845133292093454
27.059999395161903,2,3.8451484097458755
27.079999394714797,2,3.845154974083027
27.099999394267805,2,3.8451523198820095
27.119999393820798,2,3.845158219028396
27.139999393373692,2,3.8451763235347087
27.1599993929267,2,3.8451822227069092
27.179999392479694,2,3.84518878708011
27.199999392032602,2,3.845197340460374
27.219999391585596,2,3.8452039048467426
27.239999391138603,2,3.845211793059616
27.259999390691497,2,3.8452183574615932
27.279999390244505,2,3.8452242566945176
27.2999993897975,2,3.8452331427007076
27.319999389350393,2,3.8452324775282705
27.3399993889034,2,3.8452370529504556
27.359999388456394,2,3.8452436173817333
27.379999388009303,2,3.8452613894341887
27.399999387562296,2,3.845258070105799
27.419999387115205,2,3.84527385318043
27.439999386668198,2,3.8452711990188084
27.45999938622119,2,3.845270533862815
27.4799993857741,2,3.8452794199132905
27.499999385327094,2,3.8452859843873832
27.5199993848801,2,3.8452925488678895
27.539999384432996,2,3.8370549898809885
27.559999383986003,2,3.828863063163057
27.579999383538997,2,3.8165335571875034
27.599999383091905,2,3.795885066273369
27.6199993826449,2,3.775227198519701
27.639999382197892,2,3.746374923524297
27.6599993817508,2,3.714789981744883
27.679999381303794,2,3.697261544110774
27.699999380856802,2,3.68834009664076
27.719999380409696,2,3.6714617190645296
27.739999379962704,2,3.648964332453785
27.759999379515698,2,3.623157909500921
27.77999937906859,2,3.5886743272622894
27.7999993786216,2,3.5271492511839715
27.819999378174593,2,3.467348780592691
27.8399993777275,2,3.399104980124725
27.859999377280495,2,3.325809985651128
27.879999376833403,2,3.23650161777482
27.899999376386397,2,3.136927183865575
27.919999375939405,2,3.020914343064843
27.9399993754923,2,2.888635836749387
27.959999375045292,2,2.7659525739854205
27.9799993745983,2,2.6454061126685566
27.999999374151194,2,2.5379305433788977
28.019999373704202,2,2.4334662818981623
28.039999373257196,2,2.346518383480245
28.059999372810104,2,2.2624294526931266
28.079999372363098,2,2.1907561468058887
28.09999937191609,2,2.1219296290969782
28.119999371469,2,2.06646377183725
28.139999371021993,2,2.019414666550447
28.159999370575,2,1.9835599069875893
28.179999370127895,2,1.9485004431836939
28.199999369680903,2,1.9220162202366837
28.219999369233896,2,1.8964155902809603
28.239999368786805,2,1.8728135875609488
28.2599993683398,2,1.8500518851559025
28.279999367892792,2,1.8297436497261408
28.2999993674457,2,1.8101419104664174
28.319999366998694,2,1.794810260485332
28.339999366551602,2,1.7832858068395667
28.359999366104596,2,1.7733192329506176
28.379999365657604,2,1.7634018005468675
28.399999365210498,2,1.754715749359333
28.41999936476349,2,1.7460458009322573
